product_id,category,brand_code,base_price,unit_cost,launch_date,active
P001,Electronics,BRAND_08,3846.55,3154.17,2024-04-21,True
P002,Stationery,BRAND_13,4266.02,3360.85,2026-01-14,True
P003,Fitness,BRAND_12,658.75,540.17,2025-11-07,True
P004,Kitchen,BRAND_09,2772.85,2262.08,2024-04-05,True
P005,Kitchen,BRAND_16,385.5,316.11,2025-09-20,True
P006,Accessories,BRAND_11,3271.66,2682.76,2024-04-03,True
P007,Electronics,BRAND_02,2224.51,1824.1,2025-07-30,True
P008,Stationery,BRAND_14,1042.06,854.49,2024-03-11,True
P009,Home,BRAND_11,779.71,639.36,2025-01-25,True
P010,Electronics,BRAND_12,3869.17,1828.89,2025-06-10,True
P011,Fitness,BRAND_11,1208.38,990.87,2025-08-06,False
P012,Accessories,BRAND_10,6022.27,3652.74,2024-11-30,True
P013,Stationery,BRAND_02,3827.17,1944.59,2026-01-07,True
P014,Stationery,BRAND_11,2333.03,1093.58,2025-09-11,True
P015,Stationery,BRAND_15,3890.04,1047.42,2024-06-15,True
P016,Stationery,BRAND_06,265.49,217.7,2025-06-20,True
P017,Fitness,BRAND_11,6235.61,3442.43,2025-08-07,True
P018,Electronics,BRAND_01,3197.1,504.8,2024-09-23,True
P019,Accessories,BRAND_07,5113.85,344.89,2025-08-13,True
P020,Kitchen,BRAND_08,647.82,531.21,2025-12-19,True
P021,Fitness,BRAND_18,3224.88,673.7,2025-10-15,True
P022,Kitchen,BRAND_04,3250.71,2665.58,2025-09-02,True
P023,Home,BRAND_05,6103.33,1351.68,2025-05-22,True
P024,Accessories,BRAND_08,3767.62,664.19,2024-08-04,True
P025,Stationery,BRAND_18,3140.86,2575.51,2025-09-28,True
P026,Fitness,BRAND_16,1823.3,753.65,2024-10-18,True
P027,Kitchen,BRAND_01,2235.41,1245.89,2025-03-01,False
P028,Stationery,BRAND_05,3441.89,704.42,2024-09-08,True
P029,Fitness,BRAND_15,2920.26,546.97,2024-09-07,True
P030,Kitchen,BRAND_02,257.89,157.34,2024-05-06,True
P031,Kitchen,BRAND_16,5391.74,298.78,2026-02-08,True
P032,Home,BRAND_06,5837.51,791.27,2024-04-28,True
P033,Electronics,BRAND_17,1014.79,290.47,2024-03-10,True
P034,Fitness,BRAND_06,3654.75,2511.42,2026-01-18,True
P035,Accessories,BRAND_08,812.71,666.42,2025-03-20,True
P036,Electronics,BRAND_12,4408.89,1695.69,2024-12-16,True
P037,Accessories,BRAND_03,1914.27,1383.3,2025-08-12,False
P038,Stationery,BRAND_11,4327.12,2153.69,2024-11-02,True
P039,Home,BRAND_10,4758.23,3683.77,2024-04-12,True
P040,Fitness,BRAND_15,5023.97,3585.17,2025-08-06,True
P041,Electronics,BRAND_18,807.39,249.55,2024-05-20,True
P042,Stationery,BRAND_12,5964.16,819.59,2025-03-18,True
P043,Stationery,BRAND_08,1588.77,1047.76,2026-01-29,False
P044,Kitchen,BRAND_08,358.69,294.13,2026-01-18,True
P045,Electronics,BRAND_08,3659.96,2429.19,2024-10-15,True
P046,Accessories,BRAND_15,2486.48,1789.16,2025-09-16,True
P047,Kitchen,BRAND_06,5414.06,273.42,2025-05-05,True
P048,Accessories,BRAND_04,5276.64,1613.03,2025-01-18,False
P049,Stationery,BRAND_07,2143.35,1757.55,2024-04-21,True
P050,Stationery,BRAND_01,6199.5,489.9,2024-10-28,True
P051,Stationery,BRAND_02,1976.06,1620.37,2025-06-05,True
P052,Home,BRAND_02,3406.06,284.6,2026-02-28,True
P053,Kitchen,BRAND_14,1753.06,1437.51,2024-01-04,True
P054,Kitchen,BRAND_14,6091.96,479.34,2025-07-28,True
P055,Kitchen,BRAND_13,1170.2,959.56,2025-11-08,True
P056,Electronics,BRAND_09,406.53,333.35,2026-01-30,True
P057,Fitness,BRAND_13,2895.92,2374.65,2024-12-05,True
P058,Electronics,BRAND_03,6451.36,3382.37,2024-04-04,True
P059,Stationery,BRAND_17,5808.9,3289.24,2024-08-04,True
P060,Stationery,BRAND_10,4896.12,2723.46,2025-11-11,True
P061,Accessories,BRAND_17,5803.26,3287.25,2025-12-03,True
P062,Stationery,BRAND_03,5820.19,625.7,2025-05-24,True
P063,Kitchen,BRAND_09,3430.32,2283.96,2024-04-08,True
P064,Accessories,BRAND_13,2135.63,1751.22,2024-04-07,True
P065,Kitchen,BRAND_09,5045.44,3611.77,2025-01-17,True
P066,Home,BRAND_09,4341.4,1981.36,2025-04-15,True
P067,Accessories,BRAND_03,2503.94,1660.42,2024-01-26,True
P068,Kitchen,BRAND_07,722.7,592.61,2025-07-02,True
P069,Electronics,BRAND_05,4884.52,1170.49,2025-03-11,True
P070,Kitchen,BRAND_06,1794.5,647.24,2024-01-10,True
P071,Stationery,BRAND_13,6096.87,2043.63,2024-03-17,True
P072,Home,BRAND_12,1657.39,1359.06,2024-12-29,True
P073,Kitchen,BRAND_11,903.2,740.62,2025-08-01,True
P074,Electronics,BRAND_07,5422.5,1587.82,2025-10-22,True
P075,Stationery,BRAND_18,1097.95,900.32,2024-12-11,True
P076,Kitchen,BRAND_02,1263.73,1036.26,2024-08-24,True
P077,Home,BRAND_07,3944.06,1637.19,2026-02-13,True
P078,Home,BRAND_03,5699.71,2902.12,2025-01-01,True
P079,Fitness,BRAND_07,1373.25,1126.06,2024-09-09,True
P080,Stationery,BRAND_18,2099.87,1721.89,2024-12-19,True
P081,Accessories,BRAND_07,5079.84,3854.52,2024-01-10,True
P082,Kitchen,BRAND_17,6320.25,2056.16,2024-08-29,True
P083,Electronics,BRAND_09,3314.73,1426.13,2025-02-16,False
P084,Stationery,BRAND_13,1038.07,851.22,2026-01-04,True
P085,Fitness,BRAND_09,208.91,171.31,2025-08-13,True
P086,Stationery,BRAND_05,1585.21,1299.87,2025-09-17,True
P087,Electronics,BRAND_14,961.03,788.04,2025-03-11,True
P088,Home,BRAND_18,4443.46,2270.14,2024-03-29,True
P089,Stationery,BRAND_05,897.29,735.78,2024-11-08,True
P090,Stationery,BRAND_15,3350.38,1260.08,2026-03-08,True
P091,Kitchen,BRAND_05,4549.39,3105.11,2024-02-05,True
P092,Stationery,BRAND_13,3827.52,905.93,2025-12-04,True
P093,Accessories,BRAND_15,1394.57,1143.55,2025-07-01,True
P094,Kitchen,BRAND_09,5250.31,3624.77,2024-08-15,True
P095,Accessories,BRAND_14,4684.3,615.58,2025-09-14,True
P096,Home,BRAND_05,4834.72,2607.39,2025-10-31,True
P097,Home,BRAND_02,956.15,462.75,2024-02-04,True
P098,Stationery,BRAND_02,909.55,745.83,2024-03-26,True
P099,Fitness,BRAND_09,6037.85,418.96,2025-06-16,True
P100,Electronics,BRAND_17,2656.55,2178.37,2026-03-10,True
P101,Stationery,BRAND_03,2040.05,637.49,2024-01-20,True
P102,Home,BRAND_09,3237.17,2654.48,2025-06-16,True
P103,Stationery,BRAND_13,4349.07,3377.65,2024-04-19,True
P104,Electronics,BRAND_04,6216.88,2521.91,2025-06-04,True
P105,Stationery,BRAND_13,1947.53,1596.97,2025-05-13,True
P106,Stationery,BRAND_06,6020.28,3353.82,2024-03-13,True
P107,Stationery,BRAND_15,278.6,228.45,2025-06-28,False
P108,Fitness,BRAND_11,3662.16,1116.47,2025-12-18,False
P109,Kitchen,BRAND_10,4164.76,2507.01,2025-11-21,True
P110,Stationery,BRAND_04,795.63,462.55,2024-01-24,True
P111,Home,BRAND_09,1015.37,832.6,2024-07-15,True
P112,Stationery,BRAND_16,2793.95,777.43,2024-07-11,True
P113,Fitness,BRAND_01,6284.56,2403.25,2024-12-28,True
P114,Kitchen,BRAND_14,3922.75,2434.14,2024-04-24,True
P115,Fitness,BRAND_09,6072.69,1994.52,2025-11-14,True
P116,Fitness,BRAND_13,5251.82,2228.47,2025-09-13,True
P117,Electronics,BRAND_12,3101.89,2543.55,2025-10-08,True
P118,Electronics,BRAND_08,5126.79,3370.88,2024-06-07,True
P119,Home,BRAND_06,233.8,191.72,2024-01-12,True
P120,Electronics,BRAND_12,816.34,669.4,2025-12-29,True
